Method,Set,MSE,RMSE,MAE,MAPE (%),R²
Batch Gradient Descent,Train,2908406.651697168,1694.136235613735,1221.226375237774,69.27992306907153,0.8187007394688702
Batch Gradient Descent,Test,4043082.609530342,1957.23757237986,1243.414298216415,69.76294564178396,0.7425875068894641
Mini-Batch Gradient Descent,Train,615129.9515291398,784.2851629809597,472.869525645078,19.96746738368926,0.9616550851725961
Mini-Batch Gradient Descent,Test,696824.7034850483,834.5182235453398,485.3472844645507,20.18839275727352,0.9556349940111829
Adam Optimizer,Train,828177.640662555,908.2388624107512,596.2669040826758,28.50425294002401,0.9483744841001102
Adam Optimizer,Test,1006928.337133818,998.7580971888174,606.3254444427845,28.53465586095724,0.935891506882821
RMSProp,Train,628987.5661194901,792.6867874113162,486.4746320834065,20.58046169069004,0.9607912529858247
RMSProp,Test,706296.822704801,840.164291995127,500.0864900613613,20.94788492895448,0.9550319289593707
